{"cameraMode":{"drawMode":0,"name":"Shaded","section":"Shading Mode"},"sceneLighting":false,"audioPlay":false,"sceneViewState":{"m_AlwaysRefresh":false,"showFog":true,"showSkybox":false,"showFlares":true,"showImageEffects":true,"showParticleSystems":true,"showVisualEffectGraphs":true,"m_FxEnabled":true},"in2DMode":false,"pivot":{"x":-33.288726806640628,"y":5.502142429351807,"z":28.111621856689454},"rotation":{"x":0.3668552041053772,"y":0.6328486204147339,"z":-0.49293842911720278,"w":0.47126492857933047},"size":1.5109012126922608,"orthographic":false}