{"cameraMode":{"drawMode":0,"name":"Shaded","section":"Shading Mode"},"sceneLighting":false,"audioPlay":false,"sceneViewState":{"m_AlwaysRefresh":false,"showFog":true,"showSkybox":false,"showFlares":true,"showImageEffects":true,"showParticleSystems":true,"showVisualEffectGraphs":true,"m_FxEnabled":true},"in2DMode":false,"pivot":{"x":36.617122650146487,"y":-23.884376525878908,"z":-39.750022888183597},"rotation":{"x":0.07683572173118592,"y":0.9100404977798462,"z":-0.1955479383468628,"w":0.3573282063007355},"size":30.951223373413087,"orthographic":false}