{"cameraMode":{"drawMode":0,"name":"Shaded","section":"Shading Mode"},"sceneLighting":false,"audioPlay":false,"sceneViewState":{"m_AlwaysRefresh":false,"showFog":true,"showSkybox":false,"showFlares":true,"showImageEffects":true,"showParticleSystems":true,"showVisualEffectGraphs":true,"m_FxEnabled":true},"in2DMode":false,"pivot":{"x":-0.46908336877822878,"y":-0.0704527348279953,"z":-0.4674651324748993},"rotation":{"x":0.13421933352947236,"y":0.5000327825546265,"z":-0.0786723867058754,"w":0.8521609902381897},"size":1.1188304424285889,"orthographic":false}