{"cameraMode":{"drawMode":0,"name":"Shaded","section":"Shading Mode"},"sceneLighting":false,"audioPlay":false,"sceneViewState":{"m_AlwaysRefresh":false,"showFog":true,"showSkybox":false,"showFlares":true,"showImageEffects":true,"showParticleSystems":true,"showVisualEffectGraphs":true,"m_FxEnabled":true},"in2DMode":false,"pivot":{"x":-0.8170757293701172,"y":0.12880586087703706,"z":-0.6649926900863648},"rotation":{"x":0.25320926308631899,"y":-0.5174468159675598,"z":0.16176962852478028,"w":0.8014856576919556},"size":1.7820671796798707,"orthographic":false}