{"cameraMode":{"drawMode":0,"name":"Shaded","section":"Shading Mode"},"sceneLighting":false,"audioPlay":false,"sceneViewState":{"m_AlwaysRefresh":false,"showFog":true,"showSkybox":false,"showFlares":true,"showImageEffects":true,"showParticleSystems":true,"showVisualEffectGraphs":true,"m_FxEnabled":true},"in2DMode":false,"pivot":{"x":-0.8557306528091431,"y":0.5439517498016357,"z":0.02541504055261612},"rotation":{"x":0.18711650371551515,"y":0.7314218878746033,"z":-0.22157377004623414,"w":0.6175128221511841},"size":1.0642516613006592,"orthographic":false}